[{"_id":"6422988dd76a6a05aca60065","testNumber":1,"isPass":false,"macAddress":"F4:12:FA:E7:37:94","logResult":"[{\"read_mac\":True},{\"erase_flash\":True},{\"flash_firmware\":True},{\"check_gpio\":False}]","testingTime":"00:00:35","type":"","resultData":"{\"force_voltage\": \"null\", \"value_gpio\": \"\u001b[0;31mE (8522) GPIO: GPIO Pin 4 was low expected high\u001b[0m, \u001b[0;31mE (9022) GPIO: GPIO Pin 2 was high expected low\u001b[0m\"}","firmwareTestName":"FW_Factory_RC5.1_v2a0","createdDate":"2023-03-28T07:34:37.344Z"},{"_id":"642298bfd76a6a05aca60067","testNumber":1,"isPass":false,"macAddress":"F4:12:FA:E7:37:94","logResult":"[{\"read_mac\":True},{\"erase_flash\":True},{\"flash_firmware\":True},{\"check_gpio\":False}]","testingTime":"00:00:33","type":"","resultData":"{\"force_voltage\": \"null\", \"value_gpio\": \"\u001b[0;31mE (8469) GPIO: GPIO Pin 4 was low expected high\u001b[0m, \u001b[0;31mE (8969) GPIO: GPIO Pin 2 was high expected low\u001b[0m\"}","firmwareTestName":"FW_Factory_RC5.1_v2a0","createdDate":"2023-03-28T07:35:27.825Z"},{"_id":"64229940d76a6a05aca60069","testNumber":1,"isPass":true,"macAddress":"F4:12:FA:E7:37:94","logResult":"[{\"read_mac\":True},{\"erase_flash\":True},{\"flash_firmware\":True},{\"check_gpio\":True},{\"check_force\":True},{\"check_ram\":True},{\"check_camera\":True},{\"check_imu\":True},{\"check_rtc\":True},{\"take_pic\":True}]","testingTime":"00:00:40","type":"A","resultData":"{\"force_voltage\": \"2052\", \"value_gpio\": \"null\"}","firmwareTestName":"FW_Factory_RC5.1_v2a0","createdDate":"2023-03-28T07:37:36.720Z"},{"filename":"AutomaticDetails"}]